{"cameraMode":{"drawMode":0,"name":"Shaded","section":"Shading Mode"},"sceneLighting":true,"audioPlay":false,"sceneViewState":{"showFog":true,"showMaterialUpdate":false,"showSkybox":true,"showFlares":true,"showImageEffects":true,"showParticleSystems":true},"in2DMode":false,"pivot":{"x":-14.387226104736329,"y":-31.272132873535158,"z":117.11860656738281},"rotation":{"x":-0.25161653757095339,"y":0.1949346363544464,"z":-0.05181708186864853,"w":-0.9465751051902771},"size":197.44557189941407,"orthographic":false}